ds,y,Product
2020-01-31,381,Aloevera Hydrating Gel 70g
2020-02-28,601,Aloevera Hydrating Gel 70g
2020-03-31,618,Aloevera Hydrating Gel 70g
2020-04-30,219,Aloevera Hydrating Gel 70g
2020-05-31,668,Aloevera Hydrating Gel 70g
2020-06-30,510,Aloevera Hydrating Gel 70g
2020-07-31,168,Aloevera Hydrating Gel 70g
2020-08-31,405,Aloevera Hydrating Gel 70g
2020-09-30,458,Aloevera Hydrating Gel 70g
2020-10-31,476,Aloevera Hydrating Gel 70g
2020-11-30,724,Aloevera Hydrating Gel 70g
2020-12-31,918,Aloevera Hydrating Gel 70g
2020-01-31,330,Amla Hair Pack 70 gm
2020-02-28,36,Amla Hair Pack 70 gm
2020-03-31,218,Amla Hair Pack 70 gm
2020-04-30,24,Amla Hair Pack 70 gm
2020-05-31,132,Amla Hair Pack 70 gm
2020-06-30,99,Amla Hair Pack 70 gm
2020-07-31,96,Amla Hair Pack 70 gm
2020-08-31,242,Amla Hair Pack 70 gm
2020-09-30,138,Amla Hair Pack 70 gm
2020-10-31,84,Amla Hair Pack 70 gm
2020-11-30,110,Amla Hair Pack 70 gm
2020-12-31,132,Amla Hair Pack 70 gm
2020-01-31,516,Amla Hair Pack-80g
2020-02-28,779,Amla Hair Pack-80g
2020-03-31,790,Amla Hair Pack-80g
2020-04-30,555,Amla Hair Pack-80g
2020-05-31,596,Amla Hair Pack-80g
2020-06-30,721,Amla Hair Pack-80g
2020-07-31,682,Amla Hair Pack-80g
2020-08-31,720,Amla Hair Pack-80g
2020-09-30,670,Amla Hair Pack-80g
2020-10-31,838,Amla Hair Pack-80g
2020-11-30,514,Amla Hair Pack-80g
2020-12-31,548,Amla Hair Pack-80g
2020-01-31,508,Antiseptic Lemon Hand Refile pack-180ml
2020-02-28,652,Antiseptic Lemon Hand Refile pack-180ml
2020-03-31,1008,Antiseptic Lemon Hand Refile pack-180ml
2020-04-30,4694,Antiseptic Lemon Hand Refile pack-180ml
2020-05-31,3837,Antiseptic Lemon Hand Refile pack-180ml
2020-06-30,1411,Antiseptic Lemon Hand Refile pack-180ml
2020-07-31,428,Antiseptic Lemon Hand Refile pack-180ml
2020-08-31,272,Antiseptic Lemon Hand Refile pack-180ml
2020-09-30,285,Antiseptic Lemon Hand Refile pack-180ml
2020-10-31,16162,Antiseptic Lemon Hand Refile pack-180ml
2020-11-30,6711,Antiseptic Lemon Hand Refile pack-180ml
2020-12-31,540,Antiseptic Lemon Hand Refile pack-180ml
2020-01-31,396,Chandan Plus Face Pack 50 gm
2020-02-28,360,Chandan Plus Face Pack 50 gm
2020-03-31,228,Chandan Plus Face Pack 50 gm
2020-04-30,108,Chandan Plus Face Pack 50 gm
2020-05-31,228,Chandan Plus Face Pack 50 gm
2020-06-30,256,Chandan Plus Face Pack 50 gm
2020-07-31,151,Chandan Plus Face Pack 50 gm
2020-08-31,544,Chandan Plus Face Pack 50 gm
2020-09-30,258,Chandan Plus Face Pack 50 gm
2020-10-31,216,Chandan Plus Face Pack 50 gm
2020-11-30,254,Chandan Plus Face Pack 50 gm
2020-12-31,492,Chandan Plus Face Pack 50 gm
2020-01-31,659,Chandan Plus Face Pack 80 gm
2020-02-28,836,Chandan Plus Face Pack 80 gm
2020-03-31,599,Chandan Plus Face Pack 80 gm
2020-04-30,812,Chandan Plus Face Pack 80 gm
2020-05-31,294,Chandan Plus Face Pack 80 gm
2020-06-30,660,Chandan Plus Face Pack 80 gm
2020-07-31,446,Chandan Plus Face Pack 80 gm
2020-08-31,756,Chandan Plus Face Pack 80 gm
2020-09-30,791,Chandan Plus Face Pack 80 gm
2020-10-31,678,Chandan Plus Face Pack 80 gm
2020-11-30,499,Chandan Plus Face Pack 80 gm
2020-12-31,697,Chandan Plus Face Pack 80 gm
2020-01-31,132,Coffee Scrub 60g
2020-02-28,248,Coffee Scrub 60g
2020-03-31,259,Coffee Scrub 60g
2020-04-30,160,Coffee Scrub 60g
2020-05-31,176,Coffee Scrub 60g
2020-06-30,126,Coffee Scrub 60g
2020-07-31,54,Coffee Scrub 60g
2020-08-31,118,Coffee Scrub 60g
2020-09-30,112,Coffee Scrub 60g
2020-10-31,317,Coffee Scrub 60g
2020-11-30,558,Coffee Scrub 60g
2020-12-31,304,Coffee Scrub 60g
2020-01-31,456,Coffee Scrub-100gm
2020-02-28,289,Coffee Scrub-100gm
2020-03-31,421,Coffee Scrub-100gm
2020-04-30,163,Coffee Scrub-100gm
2020-05-31,146,Coffee Scrub-100gm
2020-06-30,549,Coffee Scrub-100gm
2020-07-31,306,Coffee Scrub-100gm
2020-08-31,1973,Coffee Scrub-100gm
2020-09-30,689,Coffee Scrub-100gm
2020-10-31,10000,Coffee Scrub-100gm
2020-11-30,15,Coffee Scrub-100gm
2020-12-31,325,Coffee Scrub-100gm
2020-01-31,135,Conditioning Shampoo 200ml 
2020-02-28,99,Conditioning Shampoo 200ml 
2020-03-31,70,Conditioning Shampoo 200ml 
2020-04-30,6341,Conditioning Shampoo 200ml 
2020-05-31,346,Conditioning Shampoo 200ml 
2020-06-30,14,Conditioning Shampoo 200ml 
2020-07-31,133,Conditioning Shampoo 200ml 
2020-08-31,46,Conditioning Shampoo 200ml 
2020-09-30,30,Conditioning Shampoo 200ml 
2020-10-31,2205,Conditioning Shampoo 200ml 
2020-11-30,219,Conditioning Shampoo 200ml 
2020-12-31,1328,Conditioning Shampoo 200ml 
2020-01-31,333,Flush Toilet Cleaner -500ml
2020-02-28,720,Flush Toilet Cleaner -500ml
2020-03-31,1550,Flush Toilet Cleaner -500ml
2020-04-30,177,Flush Toilet Cleaner -500ml
2020-05-31,318,Flush Toilet Cleaner -500ml
2020-06-30,417,Flush Toilet Cleaner -500ml
2020-07-31,357,Flush Toilet Cleaner -500ml
2020-08-31,362,Flush Toilet Cleaner -500ml
2020-09-30,324,Flush Toilet Cleaner -500ml
2020-10-31,167,Flush Toilet Cleaner -500ml
2020-11-30,237,Flush Toilet Cleaner -500ml
2020-12-31,256,Flush Toilet Cleaner -500ml
2020-01-31,1,Flush Toilet Cleaner Bulk-1Kg
2020-02-28,17,Flush Toilet Cleaner Bulk-1Kg
2020-03-31,35,Flush Toilet Cleaner Bulk-1Kg
2020-04-30,2,Flush Toilet Cleaner Bulk-1Kg
2020-05-31,7,Flush Toilet Cleaner Bulk-1Kg
2020-06-30,2,Flush Toilet Cleaner Bulk-1Kg
2020-07-31,8,Flush Toilet Cleaner Bulk-1Kg
2020-08-31,3,Flush Toilet Cleaner Bulk-1Kg
2020-09-30,12,Flush Toilet Cleaner Bulk-1Kg
2020-10-31,37,Flush Toilet Cleaner Bulk-1Kg
2020-11-30,12,Flush Toilet Cleaner Bulk-1Kg
2020-12-31,17,Flush Toilet Cleaner Bulk-1Kg
2020-01-31,373,Glycerin 60g
2020-02-28,108,Glycerin 60g
2020-03-31,65,Glycerin 60g
2020-04-30,33,Glycerin 60g
2020-05-31,44,Glycerin 60g
2020-06-30,126,Glycerin 60g
2020-07-31,31,Glycerin 60g
2020-08-31,64,Glycerin 60g
2020-09-30,764,Glycerin 60g
2020-10-31,171,Glycerin 60g
2020-11-30,13229,Glycerin 60g
2020-12-31,6187,Glycerin 60g
2020-01-31,358,Hand & Foot Scrub 100gm
2020-02-28,526,Hand & Foot Scrub 100gm
2020-03-31,314,Hand & Foot Scrub 100gm
2020-04-30,152,Hand & Foot Scrub 100gm
2020-05-31,412,Hand & Foot Scrub 100gm
2020-06-30,377,Hand & Foot Scrub 100gm
2020-07-31,167,Hand & Foot Scrub 100gm
2020-08-31,248,Hand & Foot Scrub 100gm
2020-09-30,269,Hand & Foot Scrub 100gm
2020-10-31,216,Hand & Foot Scrub 100gm
2020-11-30,539,Hand & Foot Scrub 100gm
2020-12-31,317,Hand & Foot Scrub 100gm
2020-01-31,192,Heena Hair Pack  70 gm
2020-02-28,108,Heena Hair Pack  70 gm
2020-03-31,232,Heena Hair Pack  70 gm
2020-04-30,24,Heena Hair Pack  70 gm
2020-05-31,72,Heena Hair Pack  70 gm
2020-06-30,115,Heena Hair Pack  70 gm
2020-07-31,60,Heena Hair Pack  70 gm
2020-08-31,216,Heena Hair Pack  70 gm
2020-09-30,126,Heena Hair Pack  70 gm
2020-10-31,168,Heena Hair Pack  70 gm
2020-11-30,170,Heena Hair Pack  70 gm
2020-12-31,156,Heena Hair Pack  70 gm
2020-01-31,691,Heena Hair Pack  80 gm
2020-02-28,839,Heena Hair Pack  80 gm
2020-03-31,1204,Heena Hair Pack  80 gm
2020-04-30,889,Heena Hair Pack  80 gm
2020-05-31,932,Heena Hair Pack  80 gm
2020-06-30,813,Heena Hair Pack  80 gm
2020-07-31,939,Heena Hair Pack  80 gm
2020-08-31,747,Heena Hair Pack  80 gm
2020-09-30,1039,Heena Hair Pack  80 gm
2020-10-31,3551,Heena Hair Pack  80 gm
2020-11-30,934,Heena Hair Pack  80 gm
2020-12-31,833,Heena Hair Pack  80 gm
2020-01-31,8526,Krystal Klean Dish Washing Liquid -500ml
2020-02-28,2996,Krystal Klean Dish Washing Liquid -500ml
2020-03-31,1633,Krystal Klean Dish Washing Liquid -500ml
2020-04-30,289,Krystal Klean Dish Washing Liquid -500ml
2020-05-31,1980,Krystal Klean Dish Washing Liquid -500ml
2020-06-30,2676,Krystal Klean Dish Washing Liquid -500ml
2020-07-31,210,Krystal Klean Dish Washing Liquid -500ml
2020-08-31,346,Krystal Klean Dish Washing Liquid -500ml
2020-09-30,1832,Krystal Klean Dish Washing Liquid -500ml
2020-10-31,2749,Krystal Klean Dish Washing Liquid -500ml
2020-11-30,4705,Krystal Klean Dish Washing Liquid -500ml
2020-12-31,5959,Krystal Klean Dish Washing Liquid -500ml
2020-01-31,7178,Krystalklean Glass Cleaner-350ml
2020-02-28,1555,Krystalklean Glass Cleaner-350ml
2020-03-31,1568,Krystalklean Glass Cleaner-350ml
2020-04-30,762,Krystalklean Glass Cleaner-350ml
2020-05-31,1686,Krystalklean Glass Cleaner-350ml
2020-06-30,1430,Krystalklean Glass Cleaner-350ml
2020-07-31,566,Krystalklean Glass Cleaner-350ml
2020-08-31,603,Krystalklean Glass Cleaner-350ml
2020-09-30,1452,Krystalklean Glass Cleaner-350ml
2020-10-31,3125,Krystalklean Glass Cleaner-350ml
2020-11-30,576,Krystalklean Glass Cleaner-350ml
2020-12-31,1093,Krystalklean Glass Cleaner-350ml
2020-01-31,5137,Krystalklean Soft Floor Cleaner-500ml
2020-02-28,2523,Krystalklean Soft Floor Cleaner-500ml
2020-03-31,92,Krystalklean Soft Floor Cleaner-500ml
2020-04-30,41,Krystalklean Soft Floor Cleaner-500ml
2020-05-31,1708,Krystalklean Soft Floor Cleaner-500ml
2020-06-30,5445,Krystalklean Soft Floor Cleaner-500ml
2020-07-31,18,Krystalklean Soft Floor Cleaner-500ml
2020-08-31,2648,Krystalklean Soft Floor Cleaner-500ml
2020-09-30,1500,Krystalklean Soft Floor Cleaner-500ml
2020-10-31,48,Krystalklean Soft Floor Cleaner-500ml
2020-11-30,77,Krystalklean Soft Floor Cleaner-500ml
2020-12-31,3618,Krystalklean Soft Floor Cleaner-500ml
2020-01-31,7,Lavender Handwash (Bulk)-1Kg
2020-02-28,11,Lavender Handwash (Bulk)-1Kg
2020-03-31,6,Lavender Handwash (Bulk)-1Kg
2020-04-30,1,Lavender Handwash (Bulk)-1Kg
2020-05-31,6,Lavender Handwash (Bulk)-1Kg
2020-06-30,3,Lavender Handwash (Bulk)-1Kg
2020-07-31,3,Lavender Handwash (Bulk)-1Kg
2020-08-31,1,Lavender Handwash (Bulk)-1Kg
2020-09-30,5,Lavender Handwash (Bulk)-1Kg
2020-10-31,8,Lavender Handwash (Bulk)-1Kg
2020-11-30,24,Lavender Handwash (Bulk)-1Kg
2020-12-31,19,Lavender Handwash (Bulk)-1Kg
2020-01-31,5978,Lavender Handwash 250ml 
2020-02-28,659,Lavender Handwash 250ml 
2020-03-31,1033,Lavender Handwash 250ml 
2020-04-30,6774,Lavender Handwash 250ml 
2020-05-31,375,Lavender Handwash 250ml 
2020-06-30,1788,Lavender Handwash 250ml 
2020-07-31,292,Lavender Handwash 250ml 
2020-08-31,467,Lavender Handwash 250ml 
2020-09-30,348,Lavender Handwash 250ml 
2020-10-31,5087,Lavender Handwash 250ml 
2020-11-30,6446,Lavender Handwash 250ml 
2020-12-31,2472,Lavender Handwash 250ml 
2020-01-31,166,Laxa Sliming Tea 
2020-02-28,211,Laxa Sliming Tea 
2020-03-31,173,Laxa Sliming Tea 
2020-04-30,123,Laxa Sliming Tea 
2020-05-31,136,Laxa Sliming Tea 
2020-06-30,334,Laxa Sliming Tea 
2020-07-31,19,Laxa Sliming Tea 
2020-08-31,139,Laxa Sliming Tea 
2020-09-30,182,Laxa Sliming Tea 
2020-10-31,216,Laxa Sliming Tea 
2020-11-30,180,Laxa Sliming Tea 
2020-12-31,80,Laxa Sliming Tea 
2020-01-31,442,Lemon Handwash (Bulk)-1Kg
2020-02-28,347,Lemon Handwash (Bulk)-1Kg
2020-03-31,671,Lemon Handwash (Bulk)-1Kg
2020-04-30,9,Lemon Handwash (Bulk)-1Kg
2020-05-31,622,Lemon Handwash (Bulk)-1Kg
2020-06-30,6,Lemon Handwash (Bulk)-1Kg
2020-07-31,409,Lemon Handwash (Bulk)-1Kg
2020-08-31,14,Lemon Handwash (Bulk)-1Kg
2020-09-30,21,Lemon Handwash (Bulk)-1Kg
2020-10-31,621,Lemon Handwash (Bulk)-1Kg
2020-11-30,620,Lemon Handwash (Bulk)-1Kg
2020-12-31,1113,Lemon Handwash (Bulk)-1Kg
2020-01-31,3072,Lemon Handwash 250ml 
2020-02-28,750,Lemon Handwash 250ml 
2020-03-31,6749,Lemon Handwash 250ml 
2020-04-30,729,Lemon Handwash 250ml 
2020-05-31,350,Lemon Handwash 250ml 
2020-06-30,986,Lemon Handwash 250ml 
2020-07-31,6365,Lemon Handwash 250ml 
2020-08-31,7185,Lemon Handwash 250ml 
2020-09-30,3868,Lemon Handwash 250ml 
2020-10-31,2647,Lemon Handwash 250ml 
2020-11-30,12955,Lemon Handwash 250ml 
2020-12-31,14529,Lemon Handwash 250ml 
2020-01-31,947,Liquid Hand Sanitizer Spray 100ml
2020-02-28,522,Liquid Hand Sanitizer Spray 100ml
2020-03-31,11309,Liquid Hand Sanitizer Spray 100ml
2020-04-30,2111,Liquid Hand Sanitizer Spray 100ml
2020-05-31,20102,Liquid Hand Sanitizer Spray 100ml
2020-06-30,540,Liquid Hand Sanitizer Spray 100ml
2020-07-31,6912,Liquid Hand Sanitizer Spray 100ml
2020-08-31,2242,Liquid Hand Sanitizer Spray 100ml
2020-09-30,4435,Liquid Hand Sanitizer Spray 100ml
2020-10-31,779,Liquid Hand Sanitizer Spray 100ml
2020-11-30,1039,Liquid Hand Sanitizer Spray 100ml
2020-12-31,1923,Liquid Hand Sanitizer Spray 100ml
2020-01-31,252,Maharani Face Mask 70gm
2020-02-28,108,Maharani Face Mask 70gm
2020-03-31,168,Maharani Face Mask 70gm
2020-04-30,24,Maharani Face Mask 70gm
2020-05-31,180,Maharani Face Mask 70gm
2020-06-30,150,Maharani Face Mask 70gm
2020-07-31,84,Maharani Face Mask 70gm
2020-08-31,235,Maharani Face Mask 70gm
2020-09-30,144,Maharani Face Mask 70gm
2020-10-31,144,Maharani Face Mask 70gm
2020-11-30,266,Maharani Face Mask 70gm
2020-12-31,216,Maharani Face Mask 70gm
2020-01-31,748,Maharani Face Mask 80gm
2020-02-28,944,Maharani Face Mask 80gm
2020-03-31,577,Maharani Face Mask 80gm
2020-04-30,450,Maharani Face Mask 80gm
2020-05-31,513,Maharani Face Mask 80gm
2020-06-30,607,Maharani Face Mask 80gm
2020-07-31,443,Maharani Face Mask 80gm
2020-08-31,685,Maharani Face Mask 80gm
2020-09-30,545,Maharani Face Mask 80gm
2020-10-31,927,Maharani Face Mask 80gm
2020-11-30,419,Maharani Face Mask 80gm
2020-12-31,491,Maharani Face Mask 80gm
2020-01-31,484,Methi Powder Pack 70g
2020-02-28,699,Methi Powder Pack 70g
2020-03-31,633,Methi Powder Pack 70g
2020-04-30,485,Methi Powder Pack 70g
2020-05-31,641,Methi Powder Pack 70g
2020-06-30,443,Methi Powder Pack 70g
2020-07-31,459,Methi Powder Pack 70g
2020-08-31,645,Methi Powder Pack 70g
2020-09-30,664,Methi Powder Pack 70g
2020-10-31,604,Methi Powder Pack 70g
2020-11-30,505,Methi Powder Pack 70g
2020-12-31,769,Methi Powder Pack 70g
2020-01-31,769,Miracle Face Wash-100g
2020-02-28,808,Miracle Face Wash-100g
2020-03-31,962,Miracle Face Wash-100g
2020-04-30,688,Miracle Face Wash-100g
2020-05-31,886,Miracle Face Wash-100g
2020-06-30,751,Miracle Face Wash-100g
2020-07-31,367,Miracle Face Wash-100g
2020-08-31,788,Miracle Face Wash-100g
2020-09-30,520,Miracle Face Wash-100g
2020-10-31,441,Miracle Face Wash-100g
2020-11-30,565,Miracle Face Wash-100g
2020-12-31,360,Miracle Face Wash-100g
2020-01-31,480,Multani Mati Face Mask 70 gm
2020-02-28,408,Multani Mati Face Mask 70 gm
2020-03-31,528,Multani Mati Face Mask 70 gm
2020-04-30,132,Multani Mati Face Mask 70 gm
2020-05-31,372,Multani Mati Face Mask 70 gm
2020-06-30,340,Multani Mati Face Mask 70 gm
2020-07-31,193,Multani Mati Face Mask 70 gm
2020-08-31,634,Multani Mati Face Mask 70 gm
2020-09-30,426,Multani Mati Face Mask 70 gm
2020-10-31,324,Multani Mati Face Mask 70 gm
2020-11-30,410,Multani Mati Face Mask 70 gm
2020-12-31,432,Multani Mati Face Mask 70 gm
2020-01-31,872,Multani Mati Face Mask 80 gm
2020-02-28,955,Multani Mati Face Mask 80 gm
2020-03-31,874,Multani Mati Face Mask 80 gm
2020-04-30,822,Multani Mati Face Mask 80 gm
2020-05-31,750,Multani Mati Face Mask 80 gm
2020-06-30,822,Multani Mati Face Mask 80 gm
2020-07-31,762,Multani Mati Face Mask 80 gm
2020-08-31,870,Multani Mati Face Mask 80 gm
2020-09-30,937,Multani Mati Face Mask 80 gm
2020-10-31,1166,Multani Mati Face Mask 80 gm
2020-11-30,965,Multani Mati Face Mask 80 gm
2020-12-31,912,Multani Mati Face Mask 80 gm
2020-01-31,3173,Oil Control Face Wash-100g
2020-02-28,1174,Oil Control Face Wash-100g
2020-03-31,1427,Oil Control Face Wash-100g
2020-04-30,6906,Oil Control Face Wash-100g
2020-05-31,1003,Oil Control Face Wash-100g
2020-06-30,1574,Oil Control Face Wash-100g
2020-07-31,1006,Oil Control Face Wash-100g
2020-08-31,1707,Oil Control Face Wash-100g
2020-09-30,1873,Oil Control Face Wash-100g
2020-10-31,470,Oil Control Face Wash-100g
2020-11-30,822,Oil Control Face Wash-100g
2020-12-31,2013,Oil Control Face Wash-100g
2020-01-31,70,Organikare Hair Oil-70ml
2020-02-28,69,Organikare Hair Oil-70ml
2020-03-31,34,Organikare Hair Oil-70ml
2020-04-30,20,Organikare Hair Oil-70ml
2020-05-31,51,Organikare Hair Oil-70ml
2020-06-30,37,Organikare Hair Oil-70ml
2020-07-31,58,Organikare Hair Oil-70ml
2020-08-31,22,Organikare Hair Oil-70ml
2020-09-30,125,Organikare Hair Oil-70ml
2020-10-31,92,Organikare Hair Oil-70ml
2020-11-30,126,Organikare Hair Oil-70ml
2020-12-31,36,Organikare Hair Oil-70ml
2020-01-31,108,Organikare Hand Sanitizer-50ml
2020-02-28,149,Organikare Hand Sanitizer-50ml
2020-03-31,276,Organikare Hand Sanitizer-50ml
2020-04-30,2169,Organikare Hand Sanitizer-50ml
2020-05-31,2060,Organikare Hand Sanitizer-50ml
2020-06-30,272,Organikare Hand Sanitizer-50ml
2020-07-31,348,Organikare Hand Sanitizer-50ml
2020-08-31,70,Organikare Hand Sanitizer-50ml
2020-09-30,164,Organikare Hand Sanitizer-50ml
2020-10-31,10,Organikare Hand Sanitizer-50ml
2020-11-30,1572,Organikare Hand Sanitizer-50ml
2020-12-31,1055,Organikare Hand Sanitizer-50ml
2020-01-31,460,Organikare Liquid Hand Sanitizer-250ml
2020-02-28,259,Organikare Liquid Hand Sanitizer-250ml
2020-03-31,538,Organikare Liquid Hand Sanitizer-250ml
2020-04-30,1043,Organikare Liquid Hand Sanitizer-250ml
2020-05-31,631,Organikare Liquid Hand Sanitizer-250ml
2020-06-30,569,Organikare Liquid Hand Sanitizer-250ml
2020-07-31,472,Organikare Liquid Hand Sanitizer-250ml
2020-08-31,466,Organikare Liquid Hand Sanitizer-250ml
2020-09-30,686,Organikare Liquid Hand Sanitizer-250ml
2020-10-31,709,Organikare Liquid Hand Sanitizer-250ml
2020-11-30,703,Organikare Liquid Hand Sanitizer-250ml
2020-12-31,639,Organikare Liquid Hand Sanitizer-250ml
2020-01-31,74,Triphala Paper 100gm Pack
2020-02-28,435,Triphala Paper 100gm Pack
2020-03-31,119,Triphala Paper 100gm Pack
2020-04-30,47,Triphala Paper 100gm Pack
2020-05-31,118,Triphala Paper 100gm Pack
2020-06-30,111,Triphala Paper 100gm Pack
2020-07-31,78,Triphala Paper 100gm Pack
2020-08-31,155,Triphala Paper 100gm Pack
2020-09-30,222,Triphala Paper 100gm Pack
2020-10-31,1266,Triphala Paper 100gm Pack
2020-11-30,114,Triphala Paper 100gm Pack
2020-12-31,112,Triphala Paper 100gm Pack
2020-01-31,562,Turmeric Body Butter 70g
2020-02-28,657,Turmeric Body Butter 70g
2020-03-31,1105,Turmeric Body Butter 70g
2020-04-30,99,Turmeric Body Butter 70g
2020-05-31,407,Turmeric Body Butter 70g
2020-06-30,138,Turmeric Body Butter 70g
2020-07-31,161,Turmeric Body Butter 70g
2020-08-31,174,Turmeric Body Butter 70g
2020-09-30,418,Turmeric Body Butter 70g
2020-10-31,152,Turmeric Body Butter 70g
2020-11-30,457,Turmeric Body Butter 70g
2020-12-31,255,Turmeric Body Butter 70g
2020-01-31,504,Uptan Face Pack  70gm
2020-02-28,432,Uptan Face Pack  70gm
2020-03-31,492,Uptan Face Pack  70gm
2020-04-30,84,Uptan Face Pack  70gm
2020-05-31,348,Uptan Face Pack  70gm
2020-06-30,374,Uptan Face Pack  70gm
2020-07-31,174,Uptan Face Pack  70gm
2020-08-31,418,Uptan Face Pack  70gm
2020-09-30,410,Uptan Face Pack  70gm
2020-10-31,360,Uptan Face Pack  70gm
2020-11-30,506,Uptan Face Pack  70gm
2020-12-31,364,Uptan Face Pack  70gm
2020-01-31,1187,Uptan Face Pack  80gm
2020-02-28,1010,Uptan Face Pack  80gm
2020-03-31,856,Uptan Face Pack  80gm
2020-04-30,971,Uptan Face Pack  80gm
2020-05-31,741,Uptan Face Pack  80gm
2020-06-30,826,Uptan Face Pack  80gm
2020-07-31,955,Uptan Face Pack  80gm
2020-08-31,904,Uptan Face Pack  80gm
2020-09-30,866,Uptan Face Pack  80gm
2020-10-31,991,Uptan Face Pack  80gm
2020-11-30,651,Uptan Face Pack  80gm
2020-12-31,1005,Uptan Face Pack  80gm
2020-01-31,550,Zafran Mask 50g
2020-02-28,571,Zafran Mask 50g
2020-03-31,919,Zafran Mask 50g
2020-04-30,295,Zafran Mask 50g
2020-05-31,478,Zafran Mask 50g
2020-06-30,546,Zafran Mask 50g
2020-07-31,327,Zafran Mask 50g
2020-08-31,754,Zafran Mask 50g
2020-09-30,521,Zafran Mask 50g
2020-10-31,421,Zafran Mask 50g
2020-11-30,400,Zafran Mask 50g
2020-12-31,498,Zafran Mask 50g
